{"stats":{"minecraft:broken":{"minecraft:stone_shovel":1},"minecraft:custom":{"minecraft:interact_with_furnace":4,"minecraft:mob_kills":1,"minecraft:interact_with_crafting_table":11,"minecraft:leave_game":3,"minecraft:time_since_death":16297,"minecraft:sleep_in_bed":1,"minecraft:time_since_rest":16322,"minecraft:sprint_one_cm":84374,"minecraft:damage_taken":9681,"minecraft:walk_one_cm":483942,"minecraft:drop":6,"minecraft:damage_dealt":1188,"minecraft:fly_one_cm":180610,"minecraft:player_kills":2,"minecraft:open_chest":7,"minecraft:crouch_one_cm":11324,"minecraft:play_time":47203,"minecraft:deaths":26,"minecraft:sneak_time":2892,"minecraft:walk_under_water_one_cm":18860,"minecraft:boat_one_cm":124424,"minecraft:jump":375,"minecraft:walk_on_water_one_cm":10384,"minecraft:total_world_time":47203,"minecraft:fall_one_cm":39627},"minecraft:mined":{"minecraft:tuff":13,"minecraft:deepslate_diamond_ore":36,"minecraft:dandelion":1,"minecraft:obsidian":15,"minecraft:granite":2,"minecraft:short_grass":3,"minecraft:grass_block":37,"minecraft:copper_ore":3,"minecraft:tall_grass":11,"minecraft:spruce_leaves":2,"minecraft:deepslate_gold_ore":2,"minecraft:oak_planks":1,"minecraft:carrots":7,"minecraft:iron_ore":3,"minecraft:wheat":13,"minecraft:spruce_log":3,"minecraft:andesite":20,"minecraft:oak_log":8,"minecraft:potatoes":4,"minecraft:coal_ore":8,"minecraft:beetroots":1,"minecraft:gravel":1,"minecraft:dripstone_block":16,"minecraft:dirt":12,"minecraft:stone":104,"minecraft:deepslate":151},"minecraft:picked_up":{"minecraft:wheat":12,"minecraft:andesite":19,"minecraft:potato":14,"minecraft:flint":1,"minecraft:tuff":13,"minecraft:oak_log":8,"minecraft:dirt":48,"minecraft:raw_copper":12,"minecraft:bone":1,"minecraft:beetroot":1,"minecraft:wheat_seeds":18,"minecraft:cobbled_deepslate":143,"minecraft:raw_gold":2,"minecraft:poppy":1,"minecraft:oak_planks":1,"minecraft:raw_iron":3,"minecraft:dandelion":2,"minecraft:dripstone_block":16,"minecraft:spruce_sapling":2,"minecraft:carrot":19,"minecraft:spruce_log":5,"minecraft:arrow":1,"minecraft:diamond":36,"minecraft:beetroot_seeds":3,"minecraft:granite":2,"minecraft:obsidian":15,"minecraft:coal":8,"minecraft:cobblestone":103},"minecraft:killed":{"minecraft:skeleton":1},"minecraft:killed_by":{"minecraft:player":23},"minecraft:used":{"minecraft:stone_shovel":93,"minecraft:stone_pickaxe":52,"minecraft:oak_planks":1,"minecraft:spruce_planks":11,"minecraft:wooden_pickaxe":3,"minecraft:dirt":39,"minecraft:crafting_table":5,"minecraft:carrot":10,"minecraft:granite":4,"minecraft:obsidian":11,"minecraft:spruce_boat":1,"minecraft:oak_log":1,"minecraft:diamond_pickaxe":174,"minecraft:diamond_shovel":1,"minecraft:iron_pickaxe":160,"minecraft:gravel":1,"minecraft:diamond_sword":4,"minecraft:cobblestone":12,"minecraft:furnace":1,"minecraft:andesite":19,"minecraft:cobbled_deepslate":1},"minecraft:dropped":{"minecraft:wheat_seeds":18,"minecraft:beetroot":1,"minecraft:cobblestone":16,"minecraft:poppy":1,"minecraft:dirt":6,"minecraft:beetroot_seeds":3},"minecraft:crafted":{"minecraft:oak_planks":28,"minecraft:diamond_sword":1,"minecraft:diamond_axe":1,"minecraft:crafting_table":5,"minecraft:spruce_planks":20,"minecraft:wooden_pickaxe":1,"minecraft:furnace":1,"minecraft:diamond_shovel":1,"minecraft:air":0,"minecraft:diamond_helmet":1,"minecraft:diamond_leggings":1,"minecraft:diamond_pickaxe":1,"minecraft:stick":16,"minecraft:iron_ingot":3,"minecraft:iron_pickaxe":1,"minecraft:stone_pickaxe":1,"minecraft:diamond_boots":1,"minecraft:spruce_boat":1,"minecraft:diamond_chestplate":1}},"DataVersion":3839}