{"stats":{"minecraft:crafted":{"minecraft:oak_planks":24,"minecraft:raw_iron":9,"minecraft:furnace":1,"minecraft:diamond_helmet":1,"minecraft:diamond_leggings":1,"minecraft:iron_boots":1,"minecraft:stone_pickaxe":1,"minecraft:diamond_boots":1,"minecraft:spruce_boat":1,"minecraft:golden_boots":2,"minecraft:wheat":432,"minecraft:crafting_table":4,"minecraft:spruce_planks":16,"minecraft:wooden_pickaxe":1,"minecraft:iron_helmet":1,"minecraft:iron_sword":1,"minecraft:bread":144,"minecraft:air":0,"minecraft:diamond_pickaxe":1,"minecraft:shield":1,"minecraft:stick":12,"minecraft:iron_ingot":37,"minecraft:iron_pickaxe":1,"minecraft:stone_sword":1,"minecraft:gold_ingot":27,"minecraft:iron_leggings":1,"minecraft:diamond_chestplate":1},"minecraft:used":{"minecraft:stone_sword":37,"minecraft:redstone":21,"minecraft:shield":2,"minecraft:iron_sword":231,"minecraft:netherrack":1,"minecraft:dirt":2,"minecraft:tuff":2,"minecraft:spruce_boat":1,"minecraft:golden_carrot":2,"minecraft:furnace":1,"minecraft:goat_horn":1,"minecraft:cobbled_deepslate":99,"minecraft:calcite":2,"minecraft:stone_pickaxe":93,"minecraft:wooden_pickaxe":3,"minecraft:crafting_table":5,"minecraft:diamond_pickaxe":245,"minecraft:bread":30,"minecraft:iron_pickaxe":43,"minecraft:nether_wart_block":1,"minecraft:cobblestone":10},"minecraft:custom":{"minecraft:mob_kills":65,"minecraft:interact_with_crafting_table":26,"minecraft:leave_game":5,"minecraft:time_since_death":35178,"minecraft:climb_one_cm":845,"minecraft:sprint_one_cm":163806,"minecraft:walk_one_cm":181728,"minecraft:damage_blocked_by_shield":55,"minecraft:drop":44,"minecraft:talked_to_villager":1,"minecraft:play_time":77340,"minecraft:deaths":1,"minecraft:sneak_time":5608,"minecraft:walk_under_water_one_cm":503,"minecraft:boat_one_cm":21033,"minecraft:jump":1990,"minecraft:interact_with_blast_furnace":2,"minecraft:walk_on_water_one_cm":2973,"minecraft:total_world_time":77340,"minecraft:interact_with_furnace":15,"minecraft:time_since_rest":35210,"minecraft:damage_taken":1620,"minecraft:damage_dealt":12864,"minecraft:player_kills":1,"minecraft:swim_one_cm":14378,"minecraft:fly_one_cm":439437,"minecraft:open_chest":19,"minecraft:crouch_one_cm":15565,"minecraft:fall_one_cm":62264},"minecraft:killed":{"minecraft:spider":4,"minecraft:skeleton":7,"minecraft:piglin_brute":6,"minecraft:piglin":4,"minecraft:pig":13,"minecraft:hoglin":2,"minecraft:creeper":1,"minecraft:pillager":2,"minecraft:zombie":15,"minecraft:cow":8},"minecraft:mined":{"minecraft:tuff":6,"minecraft:deepslate_diamond_ore":63,"minecraft:grass_block":2,"minecraft:cracked_polished_blackstone_bricks":6,"minecraft:redstone_wire":2,"minecraft:cartography_table":1,"minecraft:crimson_fungus":1,"minecraft:hay_block":48,"minecraft:polished_blackstone_bricks":21,"minecraft:weeping_vines_plant":1,"minecraft:raw_iron_block":1,"minecraft:furnace":1,"minecraft:iron_ore":37,"minecraft:cobbled_deepslate":3,"minecraft:gold_block":1,"minecraft:deepslate_iron_ore":27,"minecraft:small_amethyst_bud":1,"minecraft:stone":19,"minecraft:deepslate_redstone_ore":21,"minecraft:blackstone":2,"minecraft:crimson_nylium":1,"minecraft:crafting_table":1,"minecraft:short_grass":26,"minecraft:calcite":2,"minecraft:nether_quartz_ore":7,"minecraft:tall_grass":2,"minecraft:cobblestone":7,"minecraft:deepslate_gold_ore":27,"minecraft:amethyst_block":2,"minecraft:nether_wart_block":1,"minecraft:spruce_log":2,"minecraft:oak_log":6,"minecraft:coal_ore":19,"minecraft:dripstone_block":1,"minecraft:smooth_basalt":1,"minecraft:netherrack":1,"minecraft:oak_leaves":2,"minecraft:deepslate":89},"minecraft:dropped":{"minecraft:golden_boots":1,"minecraft:iron_sword":1,"minecraft:wheat_seeds":2,"minecraft:iron_helmet":1,"minecraft:cobblestone":4,"minecraft:amethyst_block":2,"minecraft:golden_apple":1,"minecraft:cracked_polished_blackstone_bricks":1,"minecraft:golden_carrot":1,"minecraft:iron_leggings":1,"minecraft:pumpkin_pie":1,"minecraft:raw_iron_block":1,"minecraft:string":5,"minecraft:music_disc_cat":2,"minecraft:spruce_sapling":1,"minecraft:bone":2,"minecraft:smooth_basalt":1,"minecraft:redstone":8,"minecraft:stone_sword":1,"minecraft:tuff":4,"minecraft:pointed_dripstone":1,"minecraft:rotten_flesh":15,"minecraft:iron_boots":1,"minecraft:gunpowder":1,"minecraft:spider_eye":4,"minecraft:arrow":3,"minecraft:stone_pickaxe":1,"minecraft:wooden_pickaxe":1,"minecraft:netherrack":1},"minecraft:picked_up":{"minecraft:crafting_table":2,"minecraft:gold_block":1,"minecraft:amethyst_block":2,"minecraft:music_disc_cat":2,"minecraft:string":7,"minecraft:iron_leggings":1,"minecraft:blackstone":2,"minecraft:cartography_table":1,"minecraft:cobbled_deepslate":132,"minecraft:beef":17,"minecraft:calcite":2,"minecraft:iron_pickaxe":1,"minecraft:iron_boots":1,"minecraft:furnace":2,"minecraft:raw_iron":64,"minecraft:stick":2,"minecraft:torch":31,"minecraft:porkchop":27,"minecraft:polished_blackstone_bricks":21,"minecraft:pointed_dripstone":1,"minecraft:redstone":157,"minecraft:diamond_chestplate":1,"minecraft:arrow":7,"minecraft:weeping_vines":1,"minecraft:rotten_flesh":18,"minecraft:hay_block":48,"minecraft:cobblestone":31,"minecraft:leather":11,"minecraft:red_mushroom":1,"minecraft:crimson_fungus":1,"minecraft:tuff":6,"minecraft:oak_log":6,"minecraft:nether_wart_block":1,"minecraft:gunpowder":1,"minecraft:dirt":2,"minecraft:cooked_mutton":10,"minecraft:bone":3,"minecraft:wheat_seeds":2,"minecraft:raw_gold":40,"minecraft:iron_ingot":20,"minecraft:iron_sword":2,"minecraft:oak_planks":3,"minecraft:smooth_basalt":1,"minecraft:cooked_porkchop":3,"minecraft:quartz":7,"minecraft:raw_iron_block":2,"minecraft:spruce_sapling":1,"minecraft:spruce_log":6,"minecraft:spider_eye":4,"minecraft:diamond":98,"minecraft:cracked_polished_blackstone_bricks":4,"minecraft:iron_helmet":1,"minecraft:golden_apple":2,"minecraft:bread":138,"minecraft:netherrack":2,"minecraft:coal":47,"minecraft:diamond_pickaxe":1},"minecraft:killed_by":{"minecraft:creeper":1}},"DataVersion":3839}