{"stats":{"minecraft:custom":{"minecraft:time_since_rest":16557,"minecraft:interact_with_smithing_table":2,"minecraft:sprint_one_cm":130233,"minecraft:damage_taken":8435,"minecraft:walk_one_cm":147180,"minecraft:mob_kills":4,"minecraft:damage_dealt":1763,"minecraft:swim_one_cm":2860,"minecraft:player_kills":2,"minecraft:fly_one_cm":88622,"minecraft:crouch_one_cm":443,"minecraft:play_time":45643,"minecraft:deaths":28,"minecraft:sneak_time":75,"minecraft:walk_under_water_one_cm":5970,"minecraft:boat_one_cm":202136,"minecraft:jump":594,"minecraft:interact_with_stonecutter":1,"minecraft:leave_game":3,"minecraft:walk_on_water_one_cm":2857,"minecraft:time_since_death":16528,"minecraft:sleep_in_bed":1,"minecraft:total_world_time":45643,"minecraft:fall_one_cm":29511,"minecraft:horse_one_cm":330},"minecraft:mined":{"minecraft:carrots":2,"minecraft:spruce_log":10,"minecraft:dandelion":33,"minecraft:azure_bluet":5,"minecraft:cornflower":3,"minecraft:short_grass":42,"minecraft:red_tulip":1,"minecraft:grass_block":17,"minecraft:poppy":7,"minecraft:dirt_path":1,"minecraft:dirt":28,"minecraft:pink_tulip":1,"minecraft:tall_grass":11,"minecraft:spruce_leaves":2,"minecraft:oxeye_daisy":10},"minecraft:picked_up":{"minecraft:stick":3,"minecraft:azure_bluet":5,"minecraft:chicken":2,"minecraft:dandelion":30,"minecraft:spruce_log":6,"minecraft:carrot":13,"minecraft:cornflower":3,"minecraft:dirt":39,"minecraft:rotten_flesh":1,"minecraft:wheat_seeds":22,"minecraft:spruce_planks":6,"minecraft:red_tulip":1,"minecraft:pink_tulip":1,"minecraft:poppy":6,"minecraft:iron_sword":1,"minecraft:oxeye_daisy":10},"minecraft:killed":{"minecraft:zombie":1,"minecraft:chicken":2},"minecraft:used":{"minecraft:cornflower":3,"minecraft:oxeye_daisy":10,"minecraft:poppy":5,"minecraft:iron_sword":115,"minecraft:rotten_flesh":1,"minecraft:dirt":33,"minecraft:dandelion":26,"minecraft:spruce_log":5},"minecraft:killed_by":{"minecraft:iron_golem":2,"minecraft:player":25,"minecraft:spider":1}},"DataVersion":3839}