{"stats":{"minecraft:picked_up":{"minecraft:wheat_seeds":1,"minecraft:dirt":26},"minecraft:killed_by":{"minecraft:iron_golem":2,"minecraft:spider":1,"minecraft:player":3},"minecraft:mined":{"minecraft:short_grass":6,"minecraft:grass_block":8,"minecraft:dirt":21,"minecraft:tall_grass":2},"minecraft:custom":{"minecraft:time_since_rest":2043,"minecraft:interact_with_smithing_table":2,"minecraft:play_time":17632,"minecraft:crouch_one_cm":218,"minecraft:sprint_one_cm":41587,"minecraft:walk_one_cm":64321,"minecraft:damage_taken":2136,"minecraft:deaths":6,"minecraft:sneak_time":32,"minecraft:walk_under_water_one_cm":5878,"minecraft:jump":210,"minecraft:interact_with_stonecutter":1,"minecraft:damage_dealt":516,"minecraft:leave_game":1,"minecraft:time_since_death":2018,"minecraft:walk_on_water_one_cm":1709,"minecraft:sleep_in_bed":1,"minecraft:total_world_time":17632,"minecraft:swim_one_cm":1656,"minecraft:fall_one_cm":13490,"minecraft:fly_one_cm":27396,"minecraft:horse_one_cm":330},"minecraft:used":{"minecraft:dirt":3}},"DataVersion":3839}