{"stats":{"minecraft:crafted":{"minecraft:cooked_beef":3,"minecraft:smooth_stone":3,"minecraft:oak_planks":24,"minecraft:cooked_porkchop":6,"minecraft:crafting_table":1,"minecraft:wooden_pickaxe":1,"minecraft:iron_helmet":1,"minecraft:iron_sword":1,"minecraft:furnace":2,"minecraft:blast_furnace":1,"minecraft:stone":3,"minecraft:bucket":1,"minecraft:stone_axe":1,"minecraft:bread":147,"minecraft:cooked_mutton":16,"minecraft:air":0,"minecraft:iron_boots":1,"minecraft:iron_chestplate":1,"minecraft:shield":1,"minecraft:stick":8,"minecraft:iron_ingot":46,"minecraft:iron_pickaxe":1,"minecraft:stone_pickaxe":1,"minecraft:gold_ingot":11,"minecraft:iron_leggings":1,"minecraft:wheat":438,"minecraft:smoker":1},"minecraft:used":{"minecraft:cooked_mutton":6,"minecraft:diorite":21,"minecraft:stone_pickaxe":114,"minecraft:oak_planks":6,"minecraft:wooden_pickaxe":6,"minecraft:shield":12,"minecraft:iron_sword":162,"minecraft:dirt":1,"minecraft:crafting_table":9,"minecraft:blast_furnace":4,"minecraft:smoker":2,"minecraft:oak_log":4,"minecraft:apple":1,"minecraft:lava_bucket":1,"minecraft:iron_pickaxe":218,"minecraft:stone_axe":32,"minecraft:golden_carrot":1,"minecraft:cobblestone":2,"minecraft:furnace":1,"minecraft:cooked_porkchop":2,"minecraft:bucket":2,"minecraft:cooked_beef":3},"minecraft:custom":{"minecraft:interact_with_furnace":7,"minecraft:mob_kills":36,"minecraft:interact_with_crafting_table":21,"minecraft:leave_game":2,"minecraft:time_since_death":3753,"minecraft:climb_one_cm":1419,"minecraft:time_since_rest":4194,"minecraft:sprint_one_cm":176981,"minecraft:damage_taken":949,"minecraft:walk_one_cm":137119,"minecraft:damage_blocked_by_shield":780,"minecraft:drop":16,"minecraft:damage_dealt":5649,"minecraft:swim_one_cm":16989,"minecraft:talked_to_villager":1,"minecraft:fly_one_cm":302227,"minecraft:open_chest":13,"minecraft:crouch_one_cm":1724,"minecraft:play_time":67304,"minecraft:deaths":1,"minecraft:sneak_time":1291,"minecraft:walk_under_water_one_cm":881,"minecraft:interact_with_brewingstand":3,"minecraft:jump":1194,"minecraft:interact_with_blast_furnace":17,"minecraft:walk_on_water_one_cm":2377,"minecraft:total_world_time":67304,"minecraft:interact_with_smoker":15,"minecraft:fall_one_cm":30700},"minecraft:killed":{"minecraft:piglin":3,"minecraft:pig":4,"minecraft:spider":1,"minecraft:iron_golem":1,"minecraft:skeleton":2,"minecraft:sheep":10,"minecraft:pillager":4,"minecraft:enderman":1,"minecraft:cow":8},"minecraft:mined":{"minecraft:nether_gold_ore":26,"minecraft:diamond_ore":11,"minecraft:smoker":2,"minecraft:crafting_table":9,"minecraft:granite":51,"minecraft:short_grass":1,"minecraft:blast_furnace":4,"minecraft:grass_block":3,"minecraft:poppy":1,"minecraft:cracked_polished_blackstone_bricks":4,"minecraft:tall_grass":5,"minecraft:cobblestone":6,"minecraft:sugar_cane":1,"minecraft:diorite":22,"minecraft:hay_block":49,"minecraft:polished_blackstone_bricks":11,"minecraft:furnace":1,"minecraft:iron_ore":44,"minecraft:fire":1,"minecraft:andesite":6,"minecraft:coal_ore":74,"minecraft:oak_log":10,"minecraft:water_cauldron":4,"minecraft:gravel":1,"minecraft:dirt":4,"minecraft:stripped_oak_log":4,"minecraft:netherrack":38,"minecraft:stone":30,"minecraft:oak_leaves":4},"minecraft:dropped":{"minecraft:wheat_seeds":2,"minecraft:crafting_table":1,"minecraft:cooked_porkchop":4,"minecraft:golden_axe":1,"minecraft:blast_furnace":1,"minecraft:poppy":2,"minecraft:hay_block":6,"minecraft:diorite":23,"minecraft:oak_sapling":2,"minecraft:gold_nugget":20,"minecraft:string":1,"minecraft:white_wool":10},"minecraft:picked_up":{"minecraft:stripped_oak_log":4,"minecraft:iron_chestplate":1,"minecraft:wheat":3,"minecraft:crafting_table":11,"minecraft:golden_carrot":7,"minecraft:water_bucket":1,"minecraft:andesite":12,"minecraft:leather":20,"minecraft:wooden_pickaxe":1,"minecraft:smoker":3,"minecraft:potato":37,"minecraft:flint":2,"minecraft:oak_log":10,"minecraft:golden_boots":1,"minecraft:shield":1,"minecraft:string":1,"minecraft:dirt":13,"minecraft:iron_leggings":1,"minecraft:wheat_seeds":2,"minecraft:gold_nugget":108,"minecraft:stone_pickaxe":1,"minecraft:iron_ingot":18,"minecraft:beef":35,"minecraft:poppy":2,"minecraft:iron_pickaxe":1,"minecraft:sugar_cane":4,"minecraft:iron_sword":2,"minecraft:iron_boots":1,"minecraft:furnace":1,"minecraft:stick":3,"minecraft:raw_iron":50,"minecraft:cooked_porkchop":8,"minecraft:porkchop":6,"minecraft:golden_axe":1,"minecraft:blast_furnace":6,"minecraft:diorite":45,"minecraft:cauldron":8,"minecraft:snout_armor_trim_smithing_template":1,"minecraft:diamond":22,"minecraft:stone_axe":1,"minecraft:iron_helmet":1,"minecraft:cracked_polished_blackstone_bricks":1,"minecraft:hay_block":55,"minecraft:golden_apple":1,"minecraft:granite":51,"minecraft:obsidian":5,"minecraft:gold_ingot":15,"minecraft:emerald":5,"minecraft:bread":164,"minecraft:netherrack":76,"minecraft:oak_sapling":6,"minecraft:mutton":16,"minecraft:coal":313,"minecraft:cobblestone":45,"minecraft:white_wool":20,"minecraft:ender_pearl":2},"minecraft:killed_by":{"minecraft:piglin_brute":1}},"DataVersion":3839}