{"stats":{"minecraft:broken":{"minecraft:flint_and_steel":2,"minecraft:golden_axe":1,"minecraft:iron_axe":1},"minecraft:custom":{"minecraft:mob_kills":37,"minecraft:inspect_hopper":15,"minecraft:interact_with_crafting_table":33,"minecraft:bell_ring":5,"minecraft:leave_game":12,"minecraft:time_since_death":25293,"minecraft:sprint_one_cm":114601,"minecraft:walk_one_cm":216897,"minecraft:drop":16,"minecraft:talked_to_villager":5,"minecraft:play_time":93398,"minecraft:deaths":5,"minecraft:sneak_time":6813,"minecraft:walk_under_water_one_cm":1281,"minecraft:boat_one_cm":15272,"minecraft:jump":1354,"minecraft:walk_on_water_one_cm":12681,"minecraft:total_world_time":93398,"minecraft:interact_with_furnace":17,"minecraft:traded_with_villager":32,"minecraft:interact_with_stonecutter":5,"minecraft:time_since_rest":25313,"minecraft:damage_taken":2414,"minecraft:damage_dealt":10707,"minecraft:swim_one_cm":653,"minecraft:fly_one_cm":1392940,"minecraft:player_kills":5,"minecraft:open_chest":215,"minecraft:crouch_one_cm":20778,"minecraft:fall_one_cm":41255},"minecraft:mined":{"minecraft:spruce_planks":21,"minecraft:white_bed":3,"minecraft:farmland":1,"minecraft:brewing_stand":1,"minecraft:obsidian":8,"minecraft:spruce_trapdoor":2,"minecraft:grass_block":15,"minecraft:cracked_polished_blackstone_bricks":13,"minecraft:spawner":1,"minecraft:hay_block":23,"minecraft:polished_blackstone_bricks":25,"minecraft:oak_trapdoor":1,"minecraft:spruce_sapling":1,"minecraft:gold_block":20,"minecraft:potatoes":18,"minecraft:dirt_path":33,"minecraft:lantern":2,"minecraft:stone":15,"minecraft:tripwire":26,"minecraft:blackstone":2,"minecraft:crafting_table":1,"minecraft:oak_fence":1,"minecraft:short_grass":21,"minecraft:chest":9,"minecraft:rose_bush":7,"minecraft:cobblestone":44,"minecraft:spruce_log":104,"minecraft:yellow_bed":1,"minecraft:coal_ore":24,"minecraft:sand":70,"minecraft:dirt":27,"minecraft:netherrack":18,"minecraft:oak_leaves":1},"minecraft:picked_up":{"minecraft:wooden_axe":1,"minecraft:crafting_table":1,"minecraft:golden_pickaxe":1,"minecraft:gold_block":22,"minecraft:brewing_stand":2,"minecraft:string":27,"minecraft:oak_trapdoor":1,"minecraft:iron_axe":1,"minecraft:flint_and_steel":1,"minecraft:blackstone":13,"minecraft:cobbled_deepslate":59,"minecraft:bucket":1,"minecraft:spruce_planks":21,"minecraft:poppy":11,"minecraft:sugar_cane":37,"minecraft:chest":9,"minecraft:spruce_trapdoor":2,"minecraft:egg":1,"minecraft:stick":92,"minecraft:composter":2,"minecraft:oak_fence":31,"minecraft:porkchop":3,"minecraft:polished_blackstone_bricks":29,"minecraft:golden_axe":2,"minecraft:diorite":10,"minecraft:redstone":128,"minecraft:golden_chestplate":1,"minecraft:arrow":5,"minecraft:rotten_flesh":16,"minecraft:hay_block":23,"minecraft:gold_ingot":1,"minecraft:obsidian":15,"minecraft:bone_block":8,"minecraft:cobblestone":186,"minecraft:oxeye_daisy":2,"minecraft:clock":1,"minecraft:tripwire_hook":2,"minecraft:salmon":6,"minecraft:potato":68,"minecraft:filled_map":1,"minecraft:flint":11,"minecraft:ancient_debris":1,"minecraft:yellow_bed":1,"minecraft:gunpowder":4,"minecraft:dirt":168,"minecraft:lantern":2,"minecraft:bone":5,"minecraft:apple":3,"minecraft:bow":1,"minecraft:wheat_seeds":5,"minecraft:warped_stem":28,"minecraft:grindstone":2,"minecraft:iron_ingot":7,"minecraft:oak_fence_gate":6,"minecraft:warped_fungus":1,"minecraft:cooked_porkchop":1,"minecraft:dandelion":3,"minecraft:gravel":2,"minecraft:sand":69,"minecraft:spruce_sapling":6,"minecraft:blast_furnace":1,"minecraft:white_bed":3,"minecraft:spruce_log":116,"minecraft:spectral_arrow":12,"minecraft:spider_eye":4,"minecraft:iron_hoe":2,"minecraft:diamond":11,"minecraft:spruce_boat":2,"minecraft:lever":1,"minecraft:cracked_polished_blackstone_bricks":16,"minecraft:bread":141,"minecraft:emerald":52,"minecraft:piglin_banner_pattern":2,"minecraft:oak_sapling":1,"minecraft:netherrack":100,"minecraft:warped_nylium":2,"minecraft:coal":31,"minecraft:diamond_pickaxe":1,"minecraft:ender_pearl":2},"minecraft:killed":{"minecraft:spider":4,"minecraft:skeleton":2,"minecraft:piglin_brute":8,"minecraft:magma_cube":3,"minecraft:piglin":4,"minecraft:pig":1,"minecraft:iron_golem":1,"minecraft:zombie":12},"minecraft:killed_by":{"minecraft:iron_golem":1,"minecraft:piglin":1},"minecraft:used":{"minecraft:oak_trapdoor":4,"minecraft:oak_fence":1,"minecraft:iron_shovel":127,"minecraft:flint_and_steel":110,"minecraft:dispenser":1,"minecraft:spruce_planks":21,"minecraft:chest":15,"minecraft:iron_sword":3,"minecraft:netherrack":2,"minecraft:dirt":69,"minecraft:hopper":4,"minecraft:obsidian":10,"minecraft:spruce_boat":2,"minecraft:iron_hoe":77,"minecraft:glass":6,"minecraft:lantern":2,"minecraft:iron_axe":225,"minecraft:tripwire_hook":4,"minecraft:furnace":2,"minecraft:potato":56,"minecraft:golden_axe":6,"minecraft:water_bucket":9,"minecraft:powered_rail":2,"minecraft:composter":2,"minecraft:stonecutter":1,"minecraft:polished_blackstone_bricks":3,"minecraft:sand":5,"minecraft:rail":2,"minecraft:crafting_table":1,"minecraft:white_bed":3,"minecraft:shears":25,"minecraft:spruce_log":2,"minecraft:redstone_torch":1,"minecraft:lever":2,"minecraft:diamond_pickaxe":217,"minecraft:cracked_polished_blackstone_bricks":2,"minecraft:bread":29,"minecraft:string":45,"minecraft:oak_button":1,"minecraft:spruce_trapdoor":6,"minecraft:spruce_sapling":21,"minecraft:cobblestone":166,"minecraft:bucket":9,"minecraft:bone_meal":86},"minecraft:crafted":{"minecraft:tripwire_hook":2,"minecraft:stone":3,"minecraft:lever":1,"minecraft:bone_meal":111,"minecraft:oak_trapdoor":4,"minecraft:flint_and_steel":2,"minecraft:hopper":4,"minecraft:glass":16,"minecraft:bow":1,"minecraft:iron_axe":2,"minecraft:chest":10,"minecraft:oak_button":1,"minecraft:spruce_boat":1,"minecraft:rail":16,"minecraft:wheat":189,"minecraft:oak_slab":18,"minecraft:emerald":32,"minecraft:spruce_planks":780,"minecraft:powered_rail":6,"minecraft:bucket":1,"minecraft:bread":63,"minecraft:air":0,"minecraft:dispenser":1,"minecraft:spruce_trapdoor":4,"minecraft:stick":1024,"minecraft:iron_shovel":1,"minecraft:gold_ingot":18,"minecraft:stonecutter":1,"minecraft:redstone_torch":1,"minecraft:composter":2,"minecraft:torch":4,"minecraft:shears":1},"minecraft:dropped":{"minecraft:bread":42,"minecraft:iron_sword":1,"minecraft:oak_fence":15,"minecraft:stick":44,"minecraft:composter":1,"minecraft:grindstone":1,"minecraft:iron_hoe":1,"minecraft:salmon":3,"minecraft:poppy":4,"minecraft:oak_fence_gate":3,"minecraft:potato":22,"minecraft:gunpowder":2,"minecraft:spider_eye":1,"minecraft:spruce_log":6,"minecraft:netherrack":42}},"DataVersion":3839}