{"stats":{"minecraft:picked_up":{"minecraft:wooden_axe":1,"minecraft:crafting_table":1,"minecraft:clock":1,"minecraft:salmon":6,"minecraft:golden_pickaxe":1,"minecraft:filled_map":1,"minecraft:gold_block":2,"minecraft:flint":11,"minecraft:ancient_debris":1,"minecraft:brewing_stand":2,"minecraft:gunpowder":4,"minecraft:dirt":65,"minecraft:bone":1,"minecraft:apple":3,"minecraft:wheat_seeds":2,"minecraft:cobbled_deepslate":59,"minecraft:warped_stem":28,"minecraft:bucket":1,"minecraft:grindstone":2,"minecraft:oak_fence_gate":6,"minecraft:poppy":8,"minecraft:sugar_cane":37,"minecraft:chest":5,"minecraft:egg":1,"minecraft:stick":88,"minecraft:warped_fungus":1,"minecraft:composter":2,"minecraft:oak_fence":30,"minecraft:gravel":2,"minecraft:sand":64,"minecraft:golden_axe":1,"minecraft:spruce_sapling":2,"minecraft:blast_furnace":1,"minecraft:diorite":10,"minecraft:spruce_log":12,"minecraft:redstone":128,"minecraft:spider_eye":1,"minecraft:iron_hoe":2,"minecraft:rotten_flesh":4,"minecraft:diamond":11,"minecraft:hay_block":21,"minecraft:emerald":52,"minecraft:bread":95,"minecraft:oak_sapling":1,"minecraft:warped_nylium":2,"minecraft:netherrack":84,"minecraft:obsidian":2,"minecraft:coal":31,"minecraft:cobblestone":133,"minecraft:ender_pearl":2},"minecraft:killed_by":{"minecraft:iron_golem":1},"minecraft:mined":{"minecraft:brewing_stand":1,"minecraft:crafting_table":1,"minecraft:short_grass":1,"minecraft:chest":5,"minecraft:rose_bush":7,"minecraft:hay_block":21,"minecraft:spruce_sapling":1,"minecraft:coal_ore":24,"minecraft:dirt_path":1,"minecraft:sand":65,"minecraft:stone":5,"minecraft:oak_leaves":1},"minecraft:crafted":{"minecraft:emerald":32,"minecraft:spruce_planks":512,"minecraft:stone":3,"minecraft:bread":63,"minecraft:air":0,"minecraft:flint_and_steel":1,"minecraft:glass":5,"minecraft:stick":1024,"minecraft:iron_shovel":1,"minecraft:stonecutter":1,"minecraft:wheat":189},"minecraft:custom":{"minecraft:interact_with_furnace":14,"minecraft:mob_kills":3,"minecraft:traded_with_villager":32,"minecraft:interact_with_crafting_table":16,"minecraft:bell_ring":5,"minecraft:interact_with_stonecutter":4,"minecraft:leave_game":9,"minecraft:time_since_death":8281,"minecraft:time_since_rest":8301,"minecraft:sprint_one_cm":39927,"minecraft:damage_taken":733,"minecraft:walk_one_cm":46215,"minecraft:drop":12,"minecraft:damage_dealt":621,"minecraft:swim_one_cm":653,"minecraft:talked_to_villager":5,"minecraft:fly_one_cm":406766,"minecraft:player_kills":1,"minecraft:open_chest":126,"minecraft:crouch_one_cm":4138,"minecraft:play_time":23802,"minecraft:deaths":2,"minecraft:sneak_time":835,"minecraft:walk_under_water_one_cm":759,"minecraft:jump":301,"minecraft:walk_on_water_one_cm":964,"minecraft:total_world_time":23802,"minecraft:fall_one_cm":15839},"minecraft:broken":{"minecraft:flint_and_steel":2},"minecraft:dropped":{"minecraft:composter":1,"minecraft:oak_fence":15,"minecraft:grindstone":1,"minecraft:iron_hoe":1,"minecraft:salmon":3,"minecraft:stick":44,"minecraft:poppy":4,"minecraft:oak_fence_gate":3,"minecraft:gunpowder":2,"minecraft:spider_eye":1,"minecraft:spruce_log":6,"minecraft:netherrack":42},"minecraft:used":{"minecraft:iron_shovel":65,"minecraft:flint_and_steel":109,"minecraft:chest":5,"minecraft:iron_sword":3,"minecraft:stonecutter":1,"minecraft:crafting_table":1,"minecraft:iron_hoe":21,"minecraft:diamond_pickaxe":31,"minecraft:bread":2,"minecraft:spruce_sapling":17,"minecraft:furnace":2,"minecraft:golden_axe":5},"minecraft:killed":{"minecraft:spider":1,"minecraft:zombie":2}},"DataVersion":3839}