{"stats":{"minecraft:mined":{"minecraft:hay_block":21,"minecraft:spruce_sapling":1},"minecraft:used":{"minecraft:iron_hoe":21,"minecraft:bread":2,"minecraft:spruce_sapling":17},"minecraft:custom":{"minecraft:open_chest":33,"minecraft:time_since_rest":6649,"minecraft:crouch_one_cm":1202,"minecraft:play_time":6649,"minecraft:sprint_one_cm":16033,"minecraft:damage_taken":110,"minecraft:walk_one_cm":15732,"minecraft:sneak_time":198,"minecraft:walk_under_water_one_cm":759,"minecraft:mob_kills":2,"minecraft:jump":99,"minecraft:damage_dealt":277,"minecraft:leave_game":2,"minecraft:walk_on_water_one_cm":312,"minecraft:time_since_death":6649,"minecraft:traded_with_villager":32,"minecraft:total_world_time":6649,"minecraft:interact_with_crafting_table":3,"minecraft:swim_one_cm":653,"minecraft:talked_to_villager":5,"minecraft:fall_one_cm":5549,"minecraft:fly_one_cm":267620},"minecraft:crafted":{"minecraft:emerald":32,"minecraft:spruce_planks":512,"minecraft:stick":1024,"minecraft:bread":63,"minecraft:wheat":189},"minecraft:killed":{"minecraft:zombie":2},"minecraft:picked_up":{"minecraft:rotten_flesh":1,"minecraft:hay_block":21,"minecraft:spruce_sapling":1}},"DataVersion":3839}