{"stats":{"minecraft:used":{"minecraft:stone_axe":60,"minecraft:crafting_table":1,"minecraft:wooden_pickaxe":6},"minecraft:picked_up":{"minecraft:crafting_table":1,"minecraft:spruce_sapling":1,"minecraft:spruce_log":48,"minecraft:sugar_cane":3,"minecraft:dirt":4,"minecraft:cobblestone":6},"minecraft:crafted":{"minecraft:stone_axe":1,"minecraft:crafting_table":1,"minecraft:spruce_planks":12,"minecraft:stick":8,"minecraft:stone_pickaxe":1,"minecraft:wooden_pickaxe":1},"minecraft:mined":{"minecraft:grass_block":1,"minecraft:dirt":3,"minecraft:spruce_leaves":17,"minecraft:spruce_log":48,"minecraft:stone":6,"minecraft:sugar_cane":1,"minecraft:crafting_table":1,"minecraft:fern":1},"minecraft:custom":{"minecraft:time_since_rest":4359,"minecraft:crouch_one_cm":2323,"minecraft:play_time":4359,"minecraft:sprint_one_cm":10903,"minecraft:damage_taken":10,"minecraft:walk_one_cm":5032,"minecraft:sneak_time":883,"minecraft:jump":83,"minecraft:leave_game":1,"minecraft:walk_on_water_one_cm":5717,"minecraft:time_since_death":4359,"minecraft:total_world_time":4359,"minecraft:interact_with_crafting_table":2,"minecraft:fall_one_cm":2688,"minecraft:fly_one_cm":79359}},"DataVersion":3839}