{"stats":{"minecraft:picked_up":{"minecraft:crafting_table":2,"minecraft:azure_bluet":2,"minecraft:ladder":6,"minecraft:brown_mushroom":2,"minecraft:wooden_pickaxe":1,"minecraft:oak_stairs":98,"minecraft:gold_block":2,"minecraft:brewing_stand":2,"minecraft:cornflower":1,"minecraft:smooth_stone_slab":11,"minecraft:cartography_table":1,"minecraft:gold_nugget":5,"minecraft:cobbled_deepslate":59,"minecraft:spruce_planks":8,"minecraft:cobblestone_slab":2,"minecraft:poppy":6,"minecraft:lectern":1,"minecraft:sugar_cane":37,"minecraft:chest":4,"minecraft:furnace":6,"minecraft:iron_boots":1,"minecraft:egg":1,"minecraft:stick":29,"minecraft:raw_iron":26,"minecraft:oak_door":4,"minecraft:composter":1,"minecraft:oak_fence":22,"minecraft:torch":18,"minecraft:diorite":11,"minecraft:redstone":128,"minecraft:stone_shovel":10,"minecraft:arrow":1,"minecraft:rotten_flesh":2,"minecraft:pumpkin_pie":1,"minecraft:hay_block":44,"minecraft:obsidian":17,"minecraft:iron_bars":2,"minecraft:cobblestone":612,"minecraft:oxeye_daisy":1,"minecraft:birch_log":1,"minecraft:andesite":8,"minecraft:salmon":3,"minecraft:potato":10,"minecraft:flint":4,"minecraft:tuff":9,"minecraft:oak_log":119,"minecraft:ancient_debris":1,"minecraft:yellow_bed":9,"minecraft:gunpowder":2,"minecraft:cobblestone_wall":3,"minecraft:cobblestone_stairs":21,"minecraft:dirt":1093,"minecraft:bone":5,"minecraft:apple":13,"minecraft:wheat_seeds":11,"minecraft:warped_stem":33,"minecraft:bell":3,"minecraft:grindstone":2,"minecraft:iron_ingot":8,"minecraft:oak_fence_gate":3,"minecraft:fletching_table":2,"minecraft:oak_planks":71,"minecraft:iron_sword":1,"minecraft:warped_fungus":1,"minecraft:dandelion":4,"minecraft:raw_iron_block":1,"minecraft:gravel":13,"minecraft:spruce_sapling":40,"minecraft:blast_furnace":1,"minecraft:white_bed":6,"minecraft:spruce_log":293,"minecraft:mossy_cobblestone":45,"minecraft:diamond_shovel":1,"minecraft:diamond":44,"minecraft:iron_helmet":2,"minecraft:diamond_axe":1,"minecraft:granite":4,"minecraft:bread":3,"minecraft:oak_sapling":11,"minecraft:netherrack":55,"minecraft:warped_nylium":2,"minecraft:coal":13,"minecraft:ender_pearl":3},"minecraft:crafted":{"minecraft:oak_planks":144,"minecraft:stone_shovel":10,"minecraft:flint_and_steel":1,"minecraft:warped_planks":20,"minecraft:iron_axe":2,"minecraft:ladder":3,"minecraft:iron_hoe":1,"minecraft:chest":8,"minecraft:wheat":351,"minecraft:emerald":48,"minecraft:crafting_table":2,"minecraft:spruce_planks":680,"minecraft:smithing_table":1,"minecraft:fletching_table":2,"minecraft:bucket":1,"minecraft:birch_planks":4,"minecraft:bread":117,"minecraft:air":0,"minecraft:diamond_pickaxe":1,"minecraft:stick":1376,"minecraft:flint":10,"minecraft:iron_ingot":26,"minecraft:iron_shovel":1},"minecraft:mined":{"minecraft:tuff":9,"minecraft:white_bed":6,"minecraft:mossy_cobblestone":45,"minecraft:deepslate_diamond_ore":29,"minecraft:oak_door":2,"minecraft:cobblestone_stairs":21,"minecraft:brewing_stand":2,"minecraft:obsidian":17,"minecraft:ladder":1,"minecraft:granite":4,"minecraft:grass_block":426,"minecraft:oak_pressure_plate":1,"minecraft:spruce_leaves":32,"minecraft:cartography_table":1,"minecraft:composter":1,"minecraft:large_fern":1,"minecraft:hay_block":45,"minecraft:spruce_sapling":17,"minecraft:furnace":4,"minecraft:iron_ore":26,"minecraft:fire":3,"minecraft:andesite":9,"minecraft:fletching_table":2,"minecraft:gold_block":2,"minecraft:bell":3,"minecraft:cobblestone_slab":2,"minecraft:dirt_path":209,"minecraft:oak_stairs":139,"minecraft:iron_bars":2,"minecraft:warped_stem":33,"minecraft:stone":296,"minecraft:deepslate_redstone_ore":28,"minecraft:brown_mushroom":1,"minecraft:glass_pane":8,"minecraft:oak_fence":22,"minecraft:crafting_table":2,"minecraft:cornflower":1,"minecraft:torch":4,"minecraft:short_grass":25,"minecraft:blast_furnace":1,"minecraft:chest":4,"minecraft:white_stained_glass_pane":6,"minecraft:lectern":1,"minecraft:cobblestone":346,"minecraft:sugar_cane":18,"minecraft:grindstone":2,"minecraft:oak_planks":54,"minecraft:diorite":11,"minecraft:wall_torch":8,"minecraft:warped_nylium":4,"minecraft:cobblestone_wall":3,"minecraft:spruce_log":296,"minecraft:warped_fungus":1,"minecraft:yellow_bed":9,"minecraft:smooth_stone_slab":15,"minecraft:yellow_stained_glass_pane":6,"minecraft:coal_ore":20,"minecraft:oak_log":122,"minecraft:oak_fence_gate":3,"minecraft:gravel":17,"minecraft:dirt":585,"minecraft:ancient_debris":1,"minecraft:netherrack":53,"minecraft:oak_leaves":29,"minecraft:deepslate":59},"minecraft:custom":{"minecraft:mob_kills":18,"minecraft:interact_with_crafting_table":29,"minecraft:bell_ring":34,"minecraft:leave_game":16,"minecraft:time_since_death":26159,"minecraft:climb_one_cm":853,"minecraft:sprint_one_cm":326357,"minecraft:walk_one_cm":270313,"minecraft:drop":20,"minecraft:talked_to_villager":21,"minecraft:play_time":123789,"minecraft:deaths":3,"minecraft:sneak_time":12780,"minecraft:walk_under_water_one_cm":22394,"minecraft:jump":2540,"minecraft:walk_on_water_one_cm":15631,"minecraft:total_world_time":123976,"minecraft:interact_with_furnace":26,"minecraft:traded_with_villager":59,"minecraft:sleep_in_bed":1,"minecraft:time_since_rest":26179,"minecraft:damage_taken":2099,"minecraft:damage_dealt":5655,"minecraft:swim_one_cm":43442,"minecraft:fly_one_cm":3199297,"minecraft:open_chest":89,"minecraft:crouch_one_cm":39609,"minecraft:fall_one_cm":78088},"minecraft:broken":{"minecraft:iron_shovel":1,"minecraft:iron_axe":2,"minecraft:iron_pickaxe":1},"minecraft:dropped":{"minecraft:oak_log":22,"minecraft:diamond":30,"minecraft:cobblestone":3,"minecraft:dirt":74,"minecraft:raw_iron_block":1,"minecraft:furnace":2,"minecraft:stone_shovel":10,"minecraft:diamond_shovel":1,"minecraft:spruce_planks":8},"minecraft:used":{"minecraft:iron_shovel":375,"minecraft:flint_and_steel":19,"minecraft:ladder":4,"minecraft:chest":10,"minecraft:bell":3,"minecraft:netherrack":13,"minecraft:dirt":115,"minecraft:tuff":9,"minecraft:obsidian":41,"minecraft:iron_hoe":40,"minecraft:wooden_axe":12,"minecraft:lava_bucket":8,"minecraft:iron_axe":467,"minecraft:furnace":2,"minecraft:golden_axe":12,"minecraft:water_bucket":19,"minecraft:diorite":1,"minecraft:oak_planks":67,"minecraft:ender_pearl":1,"minecraft:fletching_table":4,"minecraft:diamond_axe":267,"minecraft:crafting_table":3,"minecraft:white_bed":6,"minecraft:spruce_log":3,"minecraft:diamond_pickaxe":984,"minecraft:apple":2,"minecraft:diamond_shovel":723,"minecraft:bread":41,"minecraft:iron_pickaxe":252,"minecraft:spruce_sapling":21,"minecraft:cobblestone":81,"minecraft:smithing_table":1,"minecraft:bucket":27,"minecraft:andesite":8,"minecraft:yellow_bed":9,"minecraft:pumpkin_pie":1},"minecraft:killed":{"minecraft:skeleton":1,"minecraft:bee":2,"minecraft:iron_golem":2,"minecraft:creeper":1,"minecraft:zombie":6,"minecraft:ghast":1,"minecraft:enderman":4}},"DataVersion":3839}