{"stats":{"minecraft:crafted":{"minecraft:oak_planks":36,"minecraft:stone_shovel":10,"minecraft:flint_and_steel":1,"minecraft:warped_planks":20,"minecraft:iron_axe":2,"minecraft:ladder":3,"minecraft:iron_hoe":1,"minecraft:chest":4,"minecraft:wheat":351,"minecraft:emerald":48,"minecraft:crafting_table":2,"minecraft:spruce_planks":672,"minecraft:smithing_table":1,"minecraft:fletching_table":2,"minecraft:bucket":1,"minecraft:birch_planks":4,"minecraft:bread":117,"minecraft:air":0,"minecraft:diamond_pickaxe":1,"minecraft:stick":1376,"minecraft:flint":10,"minecraft:iron_ingot":26,"minecraft:iron_shovel":1},"minecraft:used":{"minecraft:iron_shovel":115,"minecraft:flint_and_steel":4,"minecraft:ladder":4,"minecraft:chest":5,"minecraft:bell":3,"minecraft:netherrack":6,"minecraft:dirt":18,"minecraft:tuff":9,"minecraft:obsidian":21,"minecraft:iron_hoe":40,"minecraft:wooden_axe":12,"minecraft:lava_bucket":8,"minecraft:iron_axe":467,"minecraft:furnace":2,"minecraft:water_bucket":19,"minecraft:diorite":1,"minecraft:oak_planks":3,"minecraft:ender_pearl":1,"minecraft:fletching_table":4,"minecraft:crafting_table":2,"minecraft:white_bed":3,"minecraft:spruce_log":3,"minecraft:diamond_pickaxe":218,"minecraft:bread":27,"minecraft:iron_pickaxe":252,"minecraft:spruce_sapling":21,"minecraft:cobblestone":71,"minecraft:smithing_table":1,"minecraft:andesite":8,"minecraft:bucket":27,"minecraft:pumpkin_pie":1,"minecraft:yellow_bed":6},"minecraft:broken":{"minecraft:iron_axe":2,"minecraft:iron_pickaxe":1},"minecraft:custom":{"minecraft:mob_kills":14,"minecraft:interact_with_crafting_table":24,"minecraft:bell_ring":31,"minecraft:leave_game":5,"minecraft:time_since_death":89384,"minecraft:climb_one_cm":645,"minecraft:sprint_one_cm":219662,"minecraft:walk_one_cm":153901,"minecraft:drop":14,"minecraft:talked_to_villager":21,"minecraft:play_time":89384,"minecraft:sneak_time":11570,"minecraft:walk_under_water_one_cm":18996,"minecraft:jump":2001,"minecraft:walk_on_water_one_cm":14947,"minecraft:total_world_time":89571,"minecraft:interact_with_furnace":22,"minecraft:traded_with_villager":59,"minecraft:sleep_in_bed":1,"minecraft:time_since_rest":76284,"minecraft:damage_taken":847,"minecraft:damage_dealt":5048,"minecraft:swim_one_cm":43442,"minecraft:fly_one_cm":1681900,"minecraft:open_chest":46,"minecraft:crouch_one_cm":33688,"minecraft:fall_one_cm":62342},"minecraft:killed":{"minecraft:skeleton":1,"minecraft:iron_golem":2,"minecraft:creeper":1,"minecraft:zombie":5,"minecraft:ghast":1,"minecraft:enderman":4},"minecraft:mined":{"minecraft:tuff":9,"minecraft:white_bed":3,"minecraft:deepslate_diamond_ore":29,"minecraft:brewing_stand":1,"minecraft:obsidian":16,"minecraft:ladder":1,"minecraft:granite":4,"minecraft:grass_block":54,"minecraft:spruce_leaves":32,"minecraft:composter":1,"minecraft:large_fern":1,"minecraft:hay_block":39,"minecraft:spruce_sapling":13,"minecraft:furnace":2,"minecraft:iron_ore":26,"minecraft:fire":3,"minecraft:andesite":9,"minecraft:fletching_table":2,"minecraft:gold_block":2,"minecraft:bell":3,"minecraft:warped_stem":33,"minecraft:stone":167,"minecraft:deepslate_redstone_ore":28,"minecraft:oak_fence":15,"minecraft:cornflower":1,"minecraft:crafting_table":2,"minecraft:torch":3,"minecraft:short_grass":11,"minecraft:blast_furnace":1,"minecraft:chest":2,"minecraft:cobblestone":7,"minecraft:oak_planks":3,"minecraft:grindstone":1,"minecraft:sugar_cane":18,"minecraft:diorite":11,"minecraft:warped_nylium":4,"minecraft:spruce_log":294,"minecraft:warped_fungus":1,"minecraft:yellow_bed":6,"minecraft:oak_log":31,"minecraft:coal_ore":13,"minecraft:oak_fence_gate":3,"minecraft:gravel":17,"minecraft:dirt":66,"minecraft:netherrack":53,"minecraft:ancient_debris":1,"minecraft:deepslate":59},"minecraft:dropped":{"minecraft:oak_log":22,"minecraft:diamond":30,"minecraft:raw_iron_block":1,"minecraft:stone_shovel":10},"minecraft:picked_up":{"minecraft:crafting_table":2,"minecraft:ladder":1,"minecraft:wooden_pickaxe":1,"minecraft:gold_block":2,"minecraft:brewing_stand":1,"minecraft:cornflower":1,"minecraft:cobbled_deepslate":59,"minecraft:poppy":4,"minecraft:sugar_cane":37,"minecraft:chest":2,"minecraft:egg":1,"minecraft:furnace":2,"minecraft:raw_iron":26,"minecraft:stick":29,"minecraft:composter":1,"minecraft:oak_fence":15,"minecraft:torch":3,"minecraft:diorite":11,"minecraft:redstone":128,"minecraft:arrow":1,"minecraft:rotten_flesh":2,"minecraft:stone_shovel":10,"minecraft:pumpkin_pie":1,"minecraft:hay_block":39,"minecraft:obsidian":16,"minecraft:cobblestone":172,"minecraft:birch_log":1,"minecraft:andesite":8,"minecraft:salmon":3,"minecraft:flint":4,"minecraft:tuff":9,"minecraft:oak_log":31,"minecraft:ancient_debris":1,"minecraft:yellow_bed":6,"minecraft:gunpowder":2,"minecraft:dirt":120,"minecraft:bone":4,"minecraft:wheat_seeds":4,"minecraft:warped_stem":33,"minecraft:bell":3,"minecraft:iron_ingot":8,"minecraft:grindstone":1,"minecraft:oak_fence_gate":3,"minecraft:fletching_table":2,"minecraft:oak_planks":20,"minecraft:warped_fungus":1,"minecraft:raw_iron_block":1,"minecraft:gravel":13,"minecraft:spruce_sapling":36,"minecraft:blast_furnace":1,"minecraft:white_bed":3,"minecraft:spruce_log":291,"minecraft:diamond":44,"minecraft:granite":4,"minecraft:bread":2,"minecraft:netherrack":55,"minecraft:warped_nylium":2,"minecraft:coal":13,"minecraft:ender_pearl":3}},"DataVersion":3839}