{"stats":{"minecraft:crafted":{"minecraft:oak_planks":36,"minecraft:stone_shovel":10,"minecraft:emerald":48,"minecraft:crafting_table":2,"minecraft:spruce_planks":672,"minecraft:smithing_table":1,"minecraft:fletching_table":2,"minecraft:bucket":1,"minecraft:birch_planks":4,"minecraft:bread":117,"minecraft:air":0,"minecraft:flint_and_steel":1,"minecraft:warped_planks":20,"minecraft:diamond_pickaxe":1,"minecraft:ladder":3,"minecraft:iron_axe":2,"minecraft:flint":10,"minecraft:iron_hoe":1,"minecraft:stick":1376,"minecraft:iron_ingot":26,"minecraft:chest":4,"minecraft:iron_shovel":1,"minecraft:wheat":351},"minecraft:used":{"minecraft:water_bucket":19,"minecraft:iron_shovel":115,"minecraft:flint_and_steel":3,"minecraft:ladder":2,"minecraft:oak_planks":3,"minecraft:ender_pearl":1,"minecraft:chest":5,"minecraft:fletching_table":4,"minecraft:bell":3,"minecraft:netherrack":6,"minecraft:dirt":6,"minecraft:crafting_table":2,"minecraft:white_bed":3,"minecraft:obsidian":10,"minecraft:spruce_log":3,"minecraft:iron_hoe":40,"minecraft:wooden_axe":12,"minecraft:diamond_pickaxe":126,"minecraft:lava_bucket":8,"minecraft:iron_axe":465,"minecraft:bread":26,"minecraft:iron_pickaxe":252,"minecraft:spruce_sapling":21,"minecraft:cobblestone":17,"minecraft:furnace":2,"minecraft:smithing_table":1,"minecraft:bucket":27,"minecraft:pumpkin_pie":1,"minecraft:yellow_bed":6},"minecraft:broken":{"minecraft:iron_axe":1,"minecraft:iron_pickaxe":1},"minecraft:custom":{"minecraft:interact_with_furnace":22,"minecraft:mob_kills":13,"minecraft:traded_with_villager":59,"minecraft:interact_with_crafting_table":24,"minecraft:bell_ring":31,"minecraft:sleep_in_bed":1,"minecraft:leave_game":4,"minecraft:time_since_death":78516,"minecraft:climb_one_cm":633,"minecraft:time_since_rest":65416,"minecraft:sprint_one_cm":210312,"minecraft:damage_taken":847,"minecraft:walk_one_cm":142822,"minecraft:drop":14,"minecraft:damage_dealt":4848,"minecraft:swim_one_cm":15039,"minecraft:talked_to_villager":21,"minecraft:fly_one_cm":1028365,"minecraft:open_chest":43,"minecraft:crouch_one_cm":33189,"minecraft:play_time":78516,"minecraft:sneak_time":11298,"minecraft:walk_under_water_one_cm":3888,"minecraft:jump":1702,"minecraft:walk_on_water_one_cm":5249,"minecraft:total_world_time":78703,"minecraft:fall_one_cm":54367},"minecraft:killed":{"minecraft:iron_golem":2,"minecraft:creeper":1,"minecraft:skeleton":1,"minecraft:zombie":4,"minecraft:ghast":1,"minecraft:enderman":4},"minecraft:mined":{"minecraft:deepslate_redstone_ore":28,"minecraft:white_bed":3,"minecraft:deepslate_diamond_ore":29,"minecraft:brewing_stand":1,"minecraft:oak_fence":15,"minecraft:obsidian":15,"minecraft:crafting_table":2,"minecraft:cornflower":1,"minecraft:torch":3,"minecraft:granite":4,"minecraft:short_grass":11,"minecraft:blast_furnace":1,"minecraft:grass_block":54,"minecraft:chest":2,"minecraft:cobblestone":6,"minecraft:spruce_leaves":32,"minecraft:sugar_cane":16,"minecraft:grindstone":1,"minecraft:oak_planks":3,"minecraft:composter":1,"minecraft:diorite":8,"minecraft:large_fern":1,"minecraft:hay_block":39,"minecraft:warped_nylium":4,"minecraft:spruce_sapling":13,"minecraft:furnace":2,"minecraft:iron_ore":26,"minecraft:fire":3,"minecraft:spruce_log":294,"minecraft:andesite":1,"minecraft:warped_fungus":1,"minecraft:fletching_table":2,"minecraft:yellow_bed":6,"minecraft:bell":3,"minecraft:coal_ore":13,"minecraft:oak_log":31,"minecraft:oak_fence_gate":3,"minecraft:warped_stem":33,"minecraft:gravel":17,"minecraft:dirt":57,"minecraft:stone":129,"minecraft:ancient_debris":1,"minecraft:netherrack":53,"minecraft:deepslate":39},"minecraft:dropped":{"minecraft:oak_log":22,"minecraft:diamond":30,"minecraft:stone_shovel":10,"minecraft:raw_iron_block":1},"minecraft:picked_up":{"minecraft:birch_log":1,"minecraft:crafting_table":2,"minecraft:salmon":3,"minecraft:wooden_pickaxe":1,"minecraft:flint":4,"minecraft:oak_log":31,"minecraft:ancient_debris":1,"minecraft:brewing_stand":1,"minecraft:yellow_bed":6,"minecraft:gunpowder":2,"minecraft:cornflower":1,"minecraft:dirt":111,"minecraft:bone":4,"minecraft:wheat_seeds":4,"minecraft:cobbled_deepslate":39,"minecraft:warped_stem":33,"minecraft:bell":3,"minecraft:grindstone":1,"minecraft:iron_ingot":8,"minecraft:oak_fence_gate":3,"minecraft:fletching_table":2,"minecraft:poppy":4,"minecraft:sugar_cane":28,"minecraft:chest":2,"minecraft:oak_planks":20,"minecraft:furnace":2,"minecraft:egg":1,"minecraft:stick":29,"minecraft:raw_iron":26,"minecraft:warped_fungus":1,"minecraft:composter":1,"minecraft:oak_fence":15,"minecraft:torch":3,"minecraft:raw_iron_block":1,"minecraft:gravel":13,"minecraft:spruce_sapling":36,"minecraft:blast_furnace":1,"minecraft:diorite":8,"minecraft:white_bed":3,"minecraft:spruce_log":291,"minecraft:redstone":128,"minecraft:arrow":1,"minecraft:rotten_flesh":1,"minecraft:stone_shovel":10,"minecraft:diamond":44,"minecraft:pumpkin_pie":1,"minecraft:hay_block":39,"minecraft:granite":4,"minecraft:bread":2,"minecraft:netherrack":55,"minecraft:warped_nylium":2,"minecraft:obsidian":15,"minecraft:coal":13,"minecraft:cobblestone":133,"minecraft:ender_pearl":3}},"DataVersion":3839}