{"stats":{"minecraft:picked_up":{"minecraft:wheat":12,"minecraft:beetroot":1,"minecraft:beetroot_seeds":2,"minecraft:wheat_seeds":34,"minecraft:potato":3,"minecraft:carrot":28},"minecraft:mined":{"minecraft:short_grass":3,"minecraft:potatoes":1,"minecraft:beetroots":1,"minecraft:carrots":11,"minecraft:tall_grass":2,"minecraft:wheat":13,"minecraft:oak_leaves":5},"minecraft:custom":{"minecraft:open_chest":2,"minecraft:time_since_rest":4098,"minecraft:play_time":4098,"minecraft:crouch_one_cm":839,"minecraft:sprint_one_cm":11109,"minecraft:damage_taken":167,"minecraft:walk_one_cm":9491,"minecraft:sneak_time":378,"minecraft:jump":145,"minecraft:damage_dealt":311,"minecraft:leave_game":1,"minecraft:time_since_death":4098,"minecraft:total_world_time":4098,"minecraft:fall_one_cm":1469,"minecraft:fly_one_cm":34107,"minecraft:player_kills":2},"minecraft:used":{"minecraft:bread":1,"minecraft:carrot":4}},"DataVersion":3839}