{"stats":{"minecraft:custom":{"minecraft:time_since_rest":14246,"minecraft:sprint_one_cm":37006,"minecraft:damage_taken":682,"minecraft:walk_one_cm":47041,"minecraft:damage_blocked_by_shield":80,"minecraft:mob_kills":4,"minecraft:drop":10,"minecraft:damage_dealt":8371,"minecraft:talked_to_villager":1,"minecraft:interact_with_crafting_table":2,"minecraft:fly_one_cm":128592,"minecraft:player_kills":39,"minecraft:open_chest":12,"minecraft:crouch_one_cm":1002,"minecraft:play_time":14246,"minecraft:sneak_time":466,"minecraft:bell_ring":1,"minecraft:jump":448,"minecraft:leave_game":2,"minecraft:time_since_death":14246,"minecraft:total_world_time":14246,"minecraft:fall_one_cm":11534},"minecraft:mined":{"minecraft:carrots":11,"minecraft:wheat":13,"minecraft:short_grass":20,"minecraft:potatoes":1,"minecraft:beetroots":1,"minecraft:tall_grass":15,"minecraft:oak_leaves":5},"minecraft:picked_up":{"minecraft:wheat":12,"minecraft:potato":3,"minecraft:spruce_sapling":1,"minecraft:carrot":28,"minecraft:spruce_log":3,"minecraft:rotten_flesh":2,"minecraft:beetroot":1,"minecraft:beetroot_seeds":2,"minecraft:wheat_seeds":42,"minecraft:ender_pearl":1},"minecraft:killed":{"minecraft:skeleton":1,"minecraft:zombie":1,"minecraft:enderman":1},"minecraft:used":{"minecraft:cooked_mutton":1,"minecraft:bread":1,"minecraft:ender_pearl":1,"minecraft:shield":2,"minecraft:spruce_sapling":1,"minecraft:polished_blackstone_bricks":14,"minecraft:diamond_sword":124,"minecraft:golden_carrot":5,"minecraft:carrot":4},"minecraft:crafted":{"minecraft:diamond_sword":1,"minecraft:spruce_planks":8,"minecraft:stick":4},"minecraft:dropped":{"minecraft:wheat_seeds":42,"minecraft:spruce_planks":6,"minecraft:beetroot_seeds":2,"minecraft:beetroot":1,"minecraft:stick":3}},"DataVersion":3839}