{"stats":{"minecraft:crafted":{"minecraft:oak_planks":36,"minecraft:diamond_axe":1,"minecraft:crafting_table":3,"minecraft:wooden_pickaxe":1,"minecraft:baked_potato":10,"minecraft:furnace":2,"minecraft:bucket":1,"minecraft:stone_axe":1,"minecraft:bread":3,"minecraft:air":0,"minecraft:diamond_helmet":1,"minecraft:diamond_leggings":1,"minecraft:iron_chestplate":1,"minecraft:diamond_pickaxe":1,"minecraft:shield":1,"minecraft:stick":24,"minecraft:iron_ingot":24,"minecraft:iron_pickaxe":1,"minecraft:stone_pickaxe":1,"minecraft:wooden_axe":1,"minecraft:diamond_boots":1,"minecraft:iron_leggings":1,"minecraft:torch":24,"minecraft:diamond_chestplate":1,"minecraft:wheat":9},"minecraft:used":{"minecraft:water_bucket":24,"minecraft:diorite":2,"minecraft:stone_pickaxe":99,"minecraft:baked_potato":10,"minecraft:oak_planks":1,"minecraft:wooden_pickaxe":32,"minecraft:shield":27,"minecraft:diamond_axe":3,"minecraft:iron_chestplate":1,"minecraft:torch":23,"minecraft:crafting_table":6,"minecraft:tuff":18,"minecraft:wooden_axe":13,"minecraft:black_wool":8,"minecraft:bread":5,"minecraft:iron_pickaxe":93,"minecraft:stone_axe":67,"minecraft:cobblestone":18,"minecraft:oak_sapling":3,"minecraft:furnace":2,"minecraft:bucket":25,"minecraft:yellow_bed":3,"minecraft:cobbled_deepslate":39},"minecraft:broken":{"minecraft:stone_axe":1},"minecraft:custom":{"minecraft:interact_with_furnace":16,"minecraft:mob_kills":23,"minecraft:interact_with_crafting_table":24,"minecraft:leave_game":2,"minecraft:time_since_death":70166,"minecraft:time_since_rest":70188,"minecraft:sprint_one_cm":136503,"minecraft:damage_taken":960,"minecraft:walk_one_cm":207169,"minecraft:damage_blocked_by_shield":966,"minecraft:drop":2,"minecraft:damage_dealt":4962,"minecraft:fly_one_cm":141246,"minecraft:open_chest":4,"minecraft:crouch_one_cm":10916,"minecraft:play_time":72255,"minecraft:deaths":1,"minecraft:sneak_time":5452,"minecraft:walk_under_water_one_cm":7672,"minecraft:jump":1066,"minecraft:walk_on_water_one_cm":19468,"minecraft:total_world_time":72255,"minecraft:fall_one_cm":24844},"minecraft:killed":{"minecraft:spider":2,"minecraft:creeper":2,"minecraft:sheep":2,"minecraft:skeleton":6,"minecraft:zombie":10,"minecraft:cow":1},"minecraft:mined":{"minecraft:tuff":29,"minecraft:deepslate_diamond_ore":29,"minecraft:crafting_table":4,"minecraft:torch":2,"minecraft:tall_grass":1,"minecraft:cobblestone":4,"minecraft:deepslate_gold_ore":3,"minecraft:oak_planks":1,"minecraft:diorite":2,"minecraft:wall_torch":1,"minecraft:hay_block":1,"minecraft:furnace":1,"minecraft:iron_ore":35,"minecraft:yellow_bed":3,"minecraft:black_wool":7,"minecraft:pointed_dripstone":4,"minecraft:oak_log":5,"minecraft:coal_ore":21,"minecraft:deepslate_iron_ore":4,"minecraft:dripstone_block":1,"minecraft:stone":37,"minecraft:oak_leaves":6,"minecraft:deepslate":47},"minecraft:dropped":{"minecraft:pointed_dripstone":8},"minecraft:picked_up":{"minecraft:crafting_table":4,"minecraft:tuff":22,"minecraft:oak_log":27,"minecraft:yellow_bed":3,"minecraft:gunpowder":2,"minecraft:string":2,"minecraft:bone":8,"minecraft:bow":2,"minecraft:cobbled_deepslate":39,"minecraft:raw_gold":3,"minecraft:beef":2,"minecraft:oak_planks":1,"minecraft:furnace":1,"minecraft:stick":1,"minecraft:raw_iron":39,"minecraft:torch":3,"minecraft:dripstone_block":1,"minecraft:pointed_dripstone":12,"minecraft:diorite":2,"minecraft:spider_eye":1,"minecraft:arrow":8,"minecraft:rotten_flesh":5,"minecraft:diamond":44,"minecraft:hay_block":1,"minecraft:oak_sapling":4,"minecraft:black_wool":8,"minecraft:mutton":4,"minecraft:coal":21,"minecraft:white_wool":1,"minecraft:cobblestone":40},"minecraft:killed_by":{"minecraft:player":1}},"DataVersion":3839}